"context","strain","epitope","binding","org","publication","name","VH","JH","CDRH3","VL","JL","CDRL3"
"Measles","NA","HE-1a",TRUE,"human","PMID42102820","1D02","IGHV1-69",NA,"AREMATISLLY","IGKV2D28",NA,NA
"Measles","NA","HE-1a",TRUE,"human","PMID42102820","1C02","IGHV1-69",NA,"ARERITVAGIN","IGLV1-40",NA,NA
"Measles","NA","HE-1b",TRUE,"human","PMID42102820","4D08","IGHV1-2",NA,"ARDAYDFWSG","IGKV1D39",NA,NA
"Measles","NA","HE-1b",TRUE,"human","PMID42102820","mAb55","IGHV1-71-9 (mouse)",NA,"ASGTDRYFDY","IGKV5-37 (mouse)",NA,NA
"Measles","NA","HE-2a",TRUE,"human","PMID42102820","1G01","IGHV3-23D",NA,"ARDGYSSYW","IGLV1-51",NA,NA
"Measles","NA","HE-2b",TRUE,"human","PMID42102820","4D04","IGHV3-23",NA,"ARALYSSRGS","IGLV1-51",NA,NA
"Measles","NA","HE-3",TRUE,"human","PMID42102820","1G03","IGHV1-69",NA,"ATAGIGVAAK","IGLV1-51",NA,NA
"Measles","NA","HE-4",TRUE,"human","PMID42102820","3H06","IGHV3-33",NA,"ARDRAPYNSY","IGLV2-14",NA,NA
"Measles","NA","HE-4",TRUE,"human","PMID42102820","1C08","IGHV3-15",NA,"TTDLFRFGFG","IGKV2D28",NA,NA
"Measles","NA","FE-1a",TRUE,"human","PMID42102820","2D07","IGHV3-33",NA,"ARDGVAYGLD","IGKV3-11",NA,NA
"Measles","NA","FE-1b",TRUE,"human","PMID42102820","2B11","IGHV3-30-5",NA,"AKDFRAYSYG","IGLV3-21",NA,NA
"Measles","NA","FE-2",TRUE,"human","PMID42102820","2G05","IGHV3-21",NA,"ARDQLEGESY","IGKV3-15",NA,NA
"Measles","NA","FE-2",TRUE,"human","PMID42102820","mAb77","IGHV3-2 (mouse)",NA,"ARSGWLLPYW","IGKV16-104 (mouse)",NA,NA
"Measles","NA","FE-2",TRUE,"human","PMID42102820","3D01","IGHV3-9",NA,"AKGVQWLVR","IGLV2-23",NA,NA
"Measles","NA","FE-3",TRUE,"human","PMID42102820","3D04","IGHV4-4",NA,"ARFTADLCFD","IGKV3-15",NA,NA
"Measles","NA","FE-4",TRUE,"human","PMID42102820","3B10","IGHV1-69",NA,"AKEVHGYMD","IGKV1D39",NA,NA
"Measles","NA","FE-4",TRUE,"human","PMID42102820","3A12","IGHV4-31",NA,"ARATSKDASG","IGKV1D39",NA,NA
"Measles","NA","FE-5",TRUE,"human","PMID42102820","3B05","IGHV1-69",NA,"ARQAHGYMD","IGKV1D39",NA,NA
"Measles","NA","FE-5",TRUE,"human","PMID42102820","4F09","IGHV4-31",NA,"ARGIQGPYYY","IGKV1-5",NA,NA
"Measles",NA,NA,TRUE,"human","PMID26187412","lcms","IGHV3-9","IGHJ4","CVKGGNLLGIRPFDSW",NA,NA,NA
